date,nav,div
2017-08-31,10000,0
2017-09-01,10005,0
2017-09-04,9995,0
2017-09-05,9980,0
2017-09-06,9814,0
2017-09-07,9894,0
2017-09-08,9823,0
2017-09-11,9811,0
2017-09-12,10015,0
2017-09-13,10105,0
2017-09-14,10158,0
2017-09-15,10112,0
2017-09-19,10261,0
2017-09-20,10287,0
2017-09-21,10375,0
2017-09-22,10319,0
2017-09-25,10348,0
2017-09-26,10238,0
2017-09-27,10315,0
2017-09-28,10407,0
2017-09-29,10401,0
2017-10-02,10444,0
2017-10-03,10502,0
2017-10-04,10492,0
2017-10-05,10526,0
2017-10-06,10596,0
2017-10-10,10555,0
2017-10-11,10537,0
2017-10-12,10568,0
2017-10-13,10537,0
2017-10-16,10527,0
2017-10-17,10559,0
2017-10-18,10563,0
2017-10-19,10645,0
2017-10-20,10629,0
2017-10-23,10790,0
2017-10-24,10698,0
2017-10-25,10767,0
2017-10-26,10685,0
2017-10-27,10754,0
2017-10-30,10802,0
2017-10-31,10708,0
2017-11-01,10786,0
2017-11-02,10820,0
2017-11-06,10890,0
2017-11-07,10844,0
2017-11-08,10844,0
2017-11-09,10888,0
2017-11-10,10787,0
2017-11-13,10807,0
2017-11-14,10816,0
2017-11-15,10777,0
2017-11-16,10681,0
2017-11-17,10761,0
2017-11-20,10658,0
2017-11-21,10718,0
2017-11-22,10761,0
2017-11-24,10667,0
2017-11-27,10707,0
2017-11-28,10636,0
2017-11-29,10802,0
2017-11-30,10839,0
2017-12-01,10976,0
2017-12-04,10981,0
2017-12-05,10940,0
2017-12-06,10900,0
2017-12-07,10903,0
2017-12-08,11013,0
2017-12-11,11108,0
2017-12-12,11139,0
2017-12-13,11140,0
2017-12-14,11076,0
2017-12-15,10993,0
2017-12-18,11124,0
2017-12-19,11174,0
2017-12-20,11167,0
2017-12-21,11185,0
2017-12-22,11226,0
2017-12-25,11204,0
2017-12-26,11217,0
2017-12-27,11208,0
2017-12-28,11221,0
2017-12-29,11194,0
2018-01-04,11277,0
2018-01-05,11334,0
2018-01-09,11463,0
2018-01-10,11413,0
2018-01-11,11300,0
2018-01-12,11355,0
2018-01-15,11397,0
2018-01-16,11391,0
2018-01-17,11302,0
2018-01-18,11510,0
2018-01-19,11469,0
2018-01-22,11483,0
2018-01-23,11599,0
2018-01-24,11552,0
2018-01-25,11464,0
2018-01-26,11499,0
2018-01-29,11520,0
2018-01-30,11478,0
2018-01-31,11327,0
2018-02-01,11381,0
2018-02-02,11396,0
2018-02-05,11200,0
2018-02-06,10651,0
2018-02-07,10880,0
2018-02-08,10824,0
2018-02-09,10375,0
2018-02-13,10662,0
2018-02-14,10604,0
2018-02-15,10650,0
2018-02-16,10723,0
2018-02-19,10728,0
2018-02-20,10779,0
2018-02-21,10790,0
2018-02-22,10729,0
2018-02-23,10692,0
2018-02-26,10853,0
2018-02-27,10975,0
2018-02-28,10889,0
2018-03-01,10705,0
2018-03-02,10519,0
2018-03-05,10501,0
2018-03-06,10685,0
2018-03-07,10652,0
2018-03-08,10698,0
2018-03-09,10810,0
2018-03-12,11019,0
2018-03-13,10946,0
2018-03-14,10911,0
2018-03-15,10784,0
2018-03-16,10801,0
2018-03-19,10782,0
2018-03-20,10651,0
2018-03-22,10598,0
2018-03-23,10262,0
2018-03-26,10054,0
2018-03-27,10384,0
2018-03-28,10196,0
2018-03-29,10301,0
2018-03-30,10381,0
2018-04-02,10387,0
2018-04-03,10107,0
2018-04-04,10305,0
2018-04-05,10454,0
2018-04-06,10564,0
2018-04-09,10299,0
2018-04-10,10326,0
2018-04-11,10532,0
2018-04-12,10455,0
2018-04-13,10593,0
2018-04-16,10571,0
2018-04-17,10616,0
2018-04-18,10741,0
2018-04-19,10778,0
2018-04-20,10716,0
2018-04-23,10661,0
2018-04-24,10752,0
2018-04-25,10621,0
2018-04-26,10694,0
2018-04-27,10798,0
2018-05-01,10722,0
2018-05-02,10800,0
2018-05-07,10746,0
2018-05-08,10778,0
2018-05-09,10815,0
2018-05-10,10988,0
2018-05-11,11044,0
2018-05-14,11048,0
2018-05-15,11103,0
2018-05-16,11085,0
2018-05-17,11135,0
2018-05-18,11190,0
2018-05-21,11176,0
2018-05-22,11244,0
2018-05-23,11203,0
2018-05-24,11116,0
2018-05-25,11084,0
2018-05-28,11051,0
2018-05-29,11023,0
2018-05-30,10815,0
2018-05-31,10984,0
2018-06-01,10935,0
2018-06-04,11125,0
2018-06-05,11201,0
2018-06-06,11202,0
2018-06-07,11332,0
2018-06-08,11295,0
2018-06-11,11282,0
2018-06-12,11394,0
2018-06-13,11424,0
2018-06-14,11366,0
2018-06-15,11434,0
2018-06-18,11408,0
2018-06-19,11340,0
2018-06-20,11290,0
2018-06-21,11346,0
2018-06-22,11233,0
2018-06-25,11218,0
2018-06-26,11052,0
2018-06-27,11107,0
2018-06-28,11028,0
2018-06-29,11146,0
2018-07-02,11188,0
2018-07-03,11229,0
2018-07-04,11120,0
2018-07-05,11126,0
2018-07-06,11254,0
2018-07-09,11321,0
2018-07-10,11486,0
2018-07-11,11513,0
2018-07-12,11558,0
2018-07-13,11718,0
2018-07-17,11689,0
2018-07-18,11795,0
2018-07-19,11795,0
2018-07-20,11733,0
2018-07-23,11549,0
2018-07-24,11604,0
2018-07-25,11662,0
2018-07-26,11708,0
2018-07-27,11714,0
2018-07-30,11636,0
2018-07-31,11560,0
2018-08-01,11706,0
2018-08-02,11680,0
2018-08-03,11745,0
2018-08-06,11740,0
2018-08-07,11793,0
2018-08-08,11840,0
2018-08-09,11779,0
2018-08-10,11767,0
2018-08-13,11648,0
2018-08-14,11628,0
2018-08-15,11767,0
2018-08-16,11595,0
2018-08-17,11721,0
2018-08-20,11725,0
2018-08-21,11684,0
2018-08-22,11738,0
2018-08-23,11797,0
2018-08-24,11855,0
2018-08-27,11895,0
2018-08-28,11992,0
2018-08-29,11995,0
2018-08-30,12120,0
2018-08-31,11992,0
2018-09-03,11987,0
2018-09-04,11997,0
2018-09-05,12025,0
2018-09-06,11964,0
2018-09-07,11843,0
2018-09-10,11862,0
2018-09-11,11941,0
2018-09-12,11999,0
2018-09-13,11987,0
2018-09-14,12127,0
2018-09-18,12035,0
2018-09-19,12150,0
2018-09-20,12174,0
2018-09-21,12296,0
2018-09-25,12291,0
2018-09-26,12266,0
2018-09-27,12221,0
2018-09-28,12331,0
2018-10-01,12369,0
2018-10-02,12421,0
2018-10-03,12375,0
2018-10-04,12473,0
2018-10-05,12342,0
2018-10-09,12144,0
2018-10-10,12140,0
2018-10-11,11667,0
2018-10-12,11412,0
2018-10-15,11556,0
2018-10-16,11473,0
2018-10-17,11776,0
2018-10-18,11804,0
2018-10-19,11599,0
2018-10-22,11608,0
2018-10-23,11588,0
2018-10-24,11494,0
2018-10-25,11095,0
2018-10-26,11345,0
2018-10-29,11098,0
2018-10-30,11080,0
2018-10-31,11329,0
2018-11-01,11405,0
2018-11-02,11533,0
2018-11-05,11498,0
2018-11-06,11563,0
2018-11-07,11628,0
2018-11-08,11926,0
2018-11-09,11943,0
2018-11-12,11825,0
2018-11-13,11564,0
2018-11-14,11576,0
2018-11-15,11464,0
2018-11-16,11585,0
2018-11-19,11518,0
2018-11-20,11321,0
2018-11-21,11139,0
2018-11-22,11191,0
2018-11-26,11112,0
2018-11-27,11332,0
2018-11-28,11397,0
2018-11-29,11645,0
2018-11-30,11605,0
2018-12-03,11716,0
2018-12-04,11844,0
2018-12-05,11390,0
2018-12-06,11395,0
2018-12-07,11362,0
2018-12-10,11074,0
2018-12-11,11151,0
2018-12-12,11191,0
2018-12-13,11239,0
2018-12-14,11255,0
2018-12-17,11030,0
2018-12-18,10738,0
2018-12-19,10710,0
2018-12-20,10555,0
2018-12-21,10273,0
2018-12-25,9676,0
2018-12-26,9730,0
2018-12-27,10254,0
2018-12-28,10333,0
2019-01-04,9858,0
2019-01-07,10279,0
2019-01-08,10376,0
2019-01-09,10469,0
2019-01-10,10466,0
2019-01-11,10539,0
2019-01-15,10477,0
2019-01-16,10592,0
2019-01-17,10668,0
2019-01-18,10792,0
2019-01-21,10962,0
2019-01-22,10964,0
2019-01-23,10790,0
2019-01-24,10818,0
2019-01-25,10854,0
2019-01-28,10905,0
2019-01-29,10803,0
2019-01-30,10811,0
2019-01-31,10934,0
2019-02-01,11028,0
2019-02-04,11097,0
2019-02-05,11224,0
2019-02-06,11255,0
2019-02-07,11243,0
2019-02-08,11129,0
2019-02-12,11219,0
2019-02-13,11364,0
2019-02-14,11444,0
2019-02-15,11362,0
2019-02-18,11498,0
2019-02-19,11497,0
2019-02-20,11537,0
2019-02-21,11554,0
2019-02-22,11523,0
2019-02-25,11595,0
2019-02-26,11636,0
2019-02-27,11582,0
2019-02-28,11606,0
2019-03-01,11647,0
2019-03-04,11780,0
2019-03-05,11720,0
2019-03-06,11689,0
2019-03-07,11607,0
2019-03-08,11505,0
2019-03-11,11416,0
2019-03-12,11637,0
2019-03-13,11655,0
2019-03-14,11736,0
2019-03-15,11798,0
2019-03-18,11818,0
2019-03-19,11837,0
2019-03-20,11870,0
2019-03-22,11864,0
2019-03-25,11552,0
2019-03-26,11574,0
2019-03-27,11692,0
2019-03-28,11619,0
2019-03-29,11729,0
2019-04-01,11820,0
2019-04-02,11994,0
2019-04-03,12003,0
2019-04-04,12030,0
2019-04-05,12087,0
2019-04-08,12103,0
2019-04-09,12114,0
2019-04-10,12021,0
2019-04-11,12054,0
2019-04-12,12128,0
2019-04-15,12234,0
2019-04-16,12225,0
2019-04-17,12247,0
2019-04-18,12208,0
2019-04-19,12226,0
2019-04-22,12224,0
2019-04-23,12222,0
2019-04-24,12340,0
2019-04-25,12349,0
2019-04-26,12297,0
2019-05-07,12200,0
2019-05-08,11944,0
2019-05-09,11906,0
2019-05-10,11857,0
2019-05-13,11893,0
2019-05-14,11569,0
2019-05-15,11687,0
2019-05-16,11745,0
2019-05-17,11905,0
2019-05-20,11854,0
2019-05-21,11775,0
2019-05-22,11914,0
2019-05-23,11853,0
2019-05-24,11654,0
2019-05-27,11648,0
2019-05-28,11655,0
2019-05-29,11524,0
2019-05-30,11480,0
2019-05-31,11479,0
2019-06-03,11224,0
2019-06-04,11148,0
2019-06-05,11411,0
2019-06-06,11535,0
2019-06-07,11621,0
2019-06-10,11743,0
2019-06-11,11797,0
2019-06-12,11803,0
2019-06-13,11769,0
2019-06-14,11813,0
2019-06-17,11820,0
2019-06-18,11820,0
2019-06-19,11929,0
2019-06-20,11883,0
2019-06-21,11952,0
2019-06-24,11938,0
2019-06-25,11905,0
2019-06-26,11798,0
2019-06-27,11826,0
2019-06-28,11881,0
2019-07-01,11997,0
2019-07-02,12120,0
2019-07-03,12068,0
2019-07-04,12174,0
2019-07-05,12185,0
2019-07-08,12237,0
2019-07-09,12214,0
2019-07-10,12247,0
2019-07-11,12211,0
2019-07-12,12276,0
2019-07-16,12273,0
2019-07-17,12271,0
2019-07-18,12136,0
2019-07-19,12149,0
2019-07-22,12124,0
2019-07-23,12165,0
2019-07-24,12267,0
2019-07-25,12327,0
2019-07-26,12323,0
2019-07-29,12378,0
2019-07-30,12408,0
2019-07-31,12348,0
2019-08-01,12285,0
2019-08-02,11940,0
2019-08-05,11764,0
2019-08-06,11359,0
2019-08-07,11543,0
2019-08-08,11546,0
2019-08-09,11756,0
2019-08-13,11476,0
2019-08-14,11752,0
2019-08-15,11374,0
2019-08-16,11414,0
2019-08-19,11609,0
2019-08-20,11776,0
2019-08-21,11652,0
2019-08-22,11777,0
2019-08-23,11776,0
2019-08-26,11301,0
2019-08-27,11507,0
2019-08-28,11457,0
2019-08-29,11566,0
2019-08-30,11763,0
2019-09-02,11733,0
2019-09-03,11753,0
2019-09-04,11631,0
2019-09-05,11815,0
2019-09-06,12044,0
2019-09-09,12040,0
2019-09-10,12099,0
2019-09-11,12126,0
2019-09-12,12263,0
2019-09-13,12319,0
2019-09-17,12268,0
2019-09-18,12299,0
2019-09-19,12330,0
2019-09-20,12288,0
2019-09-24,12182,0
2019-09-25,12015,0
2019-09-26,12158,0
2019-09-27,12142,0
2019-09-30,12087,0
2019-10-01,12180,0
2019-10-02,11978,0
2019-10-03,11695,0
2019-10-04,11767,0
2019-10-07,11920,0
2019-10-08,11939,0
2019-10-09,11724,0
2019-10-10,11862,0
2019-10-11,12023,0
2019-10-15,12171,0
2019-10-16,12329,0
2019-10-17,12305,0
2019-10-18,12335,0
2019-10-21,12266,0
2019-10-23,12292,0
2019-10-24,12359,0
2019-10-25,12389,0
2019-10-28,12446,0
2019-10-29,12538,0
2019-10-30,12513,0
2019-10-31,12557,0
2019-11-01,12422,0
2019-11-05,12677,0
2019-11-06,12696,0
2019-11-07,12689,0
2019-11-08,12781,0
2019-11-11,12788,0
2019-11-12,12765,0
2019-11-13,12758,0
2019-11-14,12754,0
2019-11-15,12745,0
2019-11-18,12868,0
2019-11-19,12843,0
2019-11-20,12844,0
2019-11-21,12775,0
2019-11-22,12788,0
2019-11-25,12829,0
2019-11-26,12955,0
2019-11-27,12993,0
2019-11-28,13080,0
2019-11-29,13099,0
2019-12-02,13064,0
2019-12-03,12890,0
2019-12-04,12736,0
2019-12-05,12856,0
2019-12-06,12868,0
2019-12-09,12960,0
2019-12-10,12928,0
2019-12-11,12928,0
2019-12-12,12935,0
2019-12-13,13171,0
2019-12-16,13160,0
2019-12-17,13271,0
2019-12-18,13271,0
2019-12-19,13289,0
2019-12-20,13313,0
2019-12-23,13376,0
2019-12-24,13394,0
2019-12-25,13378,0
2019-12-26,13406,0
2019-12-27,13488,0
2019-12-30,13473,0
2020-01-06,13279,0
2020-01-07,13366,0
2020-01-08,13255,0
2020-01-09,13495,0
2020-01-10,13629,0
2020-01-14,13759,0
2020-01-15,13712,0
2020-01-16,13739,0
2020-01-17,13901,0
2020-01-20,13936,0
2020-01-21,13942,0
2020-01-22,13866,0
2020-01-23,13846,0
2020-01-24,13845,0
2020-01-27,13653,0
2020-01-28,13414,0
2020-01-29,13577,0
2020-01-30,13557,0
2020-01-31,13607,0
2020-02-03,13300,0
2020-02-04,13407,0
2020-02-05,13716,0
2020-02-06,13921,0
2020-02-07,13977,0
2020-02-10,13873,0
2020-02-12,14022,0
2020-02-13,14122,0
2020-02-14,14100,0
2020-02-17,14115,0
2020-02-18,14122,0
2020-02-19,14093,0
2020-02-20,14335,0
2020-02-21,14385,0
2020-02-25,13612,0
2020-02-26,13130,0
2020-02-27,13080,0
2020-02-28,12401,0
2020-03-02,12099,0
2020-03-03,12729,0
2020-03-04,12271,0
2020-03-05,12813,0
2020-03-06,12231,0
2020-03-09,11542,0
2020-03-10,10790,0
2020-03-11,11507,0
2020-03-12,10918,0
2020-03-13,9933,0
2020-03-16,11033,0
2020-03-17,9697,0
2020-03-18,10350,0
2020-03-19,9959,0
2020-03-23,9727,0
2020-03-24,9428,0
2020-03-25,10366,0
2020-03-26,10450,0
2020-03-27,10913,0
2020-03-30,10430,0
2020-03-31,10891,0
2020-04-01,10598,0
2020-04-02,10120,0
2020-04-03,10413,0
2020-04-06,10340,0
2020-04-07,11072,0
2020-04-08,11016,0
2020-04-09,11435,0
2020-04-10,11554,0
2020-04-13,11514,0
2020-04-14,11336,0
2020-04-15,11634,0
2020-04-16,11433,0
2020-04-17,11524,0
2020-04-20,11828,0
2020-04-21,11607,0
2020-04-22,11258,0
2020-04-23,11512,0
2020-04-24,11495,0
2020-04-27,11642,0
2020-04-28,11782,0
2020-04-30,11982,0
2020-05-01,11914,0
2020-05-07,11550,0
2020-05-08,11697,0
2020-05-11,11961,0
2020-05-12,12025,0
2020-05-13,11739,0
2020-05-14,11509,0
2020-05-15,11703,0
2020-05-18,11724,0
2020-05-19,12111,0
2020-05-20,12055,0
2020-05-21,12233,0
2020-05-22,12140,0
2020-05-25,12157,0
2020-05-26,12171,0
2020-05-27,12292,0
2020-05-28,12521,0
2020-05-29,12452,0
2020-06-01,12533,0
2020-06-02,12567,0
2020-06-03,12804,0
2020-06-04,12997,0
2020-06-05,12980,0
2020-06-08,13367,0
2020-06-09,13355,0
2020-06-10,13218,0
2020-06-11,13050,0
2020-06-12,12251,0
2020-06-15,12473,0
2020-06-16,12588,0
2020-06-17,12830,0
2020-06-18,12715,0
2020-06-19,12743,0
2020-06-22,12650,0
2020-06-23,12757,0
2020-06-24,12759,0
2020-06-25,12493,0
2020-06-26,12637,0
2020-06-29,12345,0
2020-06-30,12586,0
2020-07-01,12824,0
2020-07-02,12814,0
2020-07-03,12882,0
2020-07-06,12895,0
2020-07-07,13057,0
2020-07-08,12962,0
2020-07-09,13018,0
2020-07-10,12925,0
2020-07-13,13025,0
2020-07-14,12956,0
2020-07-15,13133,0
2020-07-16,13215,0
2020-07-17,13205,0
2020-07-20,13273,0
2020-07-21,13351,0
2020-07-22,13329,0
2020-07-27,13027,0
2020-07-28,13065,0
2020-07-29,12956,0
2020-07-30,13110,0
2020-07-31,13003,0
2020-08-03,13294,0
2020-08-04,13390,0
2020-08-05,13372,0
2020-08-06,13445,0
2020-08-07,13544,0
2020-08-11,13667,0
2020-08-12,13608,0
2020-08-13,13817,0
2020-08-14,13828,0
2020-08-17,13770,0
2020-08-18,13715,0
2020-08-19,13665,0
2020-08-20,13724,0
2020-08-21,13716,0
2020-08-24,13778,0
2020-08-25,13945,0
2020-08-26,14053,0
2020-08-27,14127,0
2020-08-28,14249,0
2020-08-31,14170,0
2020-09-01,14210,0
2020-09-02,14337,0
2020-09-03,14587,0
2020-09-04,14068,0
2020-09-07,13978,0
2020-09-08,13972,0
2020-09-09,13545,0
2020-09-10,13847,0
2020-09-11,13596,0
2020-09-14,13606,0
2020-09-15,13727,0
2020-09-16,13753,0
2020-09-17,13649,0
2020-09-18,13506,0
2020-09-23,13373,0
2020-09-24,13098,0
2020-09-25,13150,0
2020-09-28,13336,0
2020-09-29,13550,0
2020-09-30,13542,0
2020-10-01,13620,0
2020-10-02,13697,0
2020-10-05,13569,0
2020-10-06,13822,0
2020-10-07,13633,0
2020-10-08,13920,0
2020-10-09,14025,0
2020-10-12,14106,0
2020-10-13,14297,0
2020-10-14,14215,0
2020-10-15,14100,0
2020-10-16,14093,0
2020-10-19,14097,0
2020-10-20,13895,0
2020-10-21,13935,0
2020-10-22,13804,0
2020-10-23,13886,0
2020-10-26,13932,0
2020-10-27,13688,0
2020-10-28,13600,0
2020-10-29,13117,0
2020-10-30,13295,0
2020-11-02,13158,0
2020-11-04,13528,0
2020-11-05,13791,0
2020-11-06,13983,0
2020-11-09,13933,0
2020-11-10,14353,0
2020-11-11,14327,0
2020-11-12,14472,0
2020-11-13,14273,0
2020-11-16,14426,0
2020-11-17,14567,0
2020-11-18,14444,0
2020-11-19,14247,0
2020-11-20,14306,0
2020-11-24,14387,0
2020-11-25,14606,0
2020-11-26,14563,0
2020-11-27,14536,0
2020-11-30,14536,0
2020-12-01,14523,0
2020-12-02,14698,0
2020-12-03,14747,0
2020-12-04,14646,0
2020-12-07,14812,0
2020-12-08,14785,0
2020-12-09,14835,0
2020-12-10,14733,0
2020-12-11,14679,0
2020-12-14,14664,0
2020-12-15,14612,0
2020-12-16,14748,0
2020-12-17,14732,0
2020-12-18,14790,0
2020-12-21,14764,0
2020-12-22,14697,0
2020-12-23,14712,0
2020-12-24,14721,0
2020-12-25,14752,0
2020-12-28,14772,0
2020-12-29,14929,0
2020-12-30,14851,0
2021-01-04,14907,0
2021-01-05,14698,0
2021-01-06,14735,0
2021-01-07,14864,0
2021-01-08,15214,0
2021-01-12,15254,0
2021-01-13,15179,0
2021-01-14,15254,0
2021-01-15,15182,0
2021-01-18,15071,0
2021-01-19,15058,0
2021-01-20,15208,0
2021-01-21,15373,0
2021-01-22,15368,0
2021-01-25,15367,0
2021-01-26,15412,0
2021-01-27,15376,0
2021-01-28,15069,0
2021-01-29,15245,0
2021-02-01,14981,0
2021-02-02,15251,0
2021-02-03,15481,0
2021-02-04,15497,0
2021-02-05,15745,0
2021-02-08,15808,0
2021-02-09,15870,0
2021-02-10,15771,0
2021-02-12,15813,0
2021-02-15,15945,0
2021-02-16,16001,0
2021-02-17,16096,0
2021-02-18,16029,0
2021-02-19,15955,0
2021-02-22,15893,0
2021-02-24,15777,0
2021-02-25,16053,0
2021-02-26,15691,0
2021-03-01,15652,0
2021-03-02,16082,0
2021-03-03,15940,0
2021-03-04,15763,0
2021-03-05,15687,0
2021-03-08,16061,0
2021-03-09,16087,0
2021-03-10,16233,0
2021-03-11,16324,0
2021-03-12,16507,0
2021-03-15,16597,0
2021-03-16,16733,0
2021-03-17,16691,0
2021-03-18,16714,0
2021-03-19,16488,0
2021-03-22,16446,0
2021-03-23,16554,0
2021-03-24,16396,0
2021-03-25,16343,0
2021-03-26,16493,0
2021-03-29,16816,0
2021-03-30,16837,0
2021-03-31,16915,0
2021-04-01,16998,0
2021-04-02,17170,0
2021-04-05,17167,0
2021-04-06,17361,0
2021-04-07,17272,0
2021-04-08,17298,0
2021-04-09,17293,0
2021-04-12,17496,0
2021-04-13,17466,0
2021-04-14,17407,0
2021-04-15,17347,0
2021-04-16,17509,0
2021-04-19,17561,0
2021-04-20,17395,0
2021-04-21,17257,0
2021-04-22,17413,0
2021-04-23,17236,0
2021-04-26,17416,0
2021-04-27,17491,0
2021-04-28,17612,0
2021-04-30,17717,0
2021-05-06,17597,0
2021-05-07,17713,0
2021-05-10,17784,0
2021-05-11,17635,0
2021-05-12,17451,0
2021-05-13,17209,0
2021-05-14,17420,0
2021-05-17,17652,0
2021-05-18,17571,0
2021-05-19,17387,0
2021-05-20,17378,0
2021-05-21,17507,0
2021-05-24,17507,0
2021-05-25,17661,0
2021-05-26,17607,0
2021-05-27,17706,0
2021-05-28,17858,0
2021-05-31,17842,0
2021-06-01,17785,0
2021-06-02,17815,0
2021-06-03,17832,0
2021-06-04,17881,0
2021-06-07,17923,0
2021-06-08,17889,0
2021-06-09,17894,0
2021-06-10,17894,0
2021-06-11,17946,0
2021-06-14,18038,0
2021-06-15,18125,0
2021-06-16,18096,0
2021-06-17,18102,0
2021-06-18,18019,0
2021-06-21,17769,0
2021-06-22,18023,0
2021-06-23,18191,0
2021-06-24,18224,0
2021-06-25,18320,0
2021-06-28,18331,0
2021-06-29,18345,0
2021-06-30,18362,0
2021-07-01,18469,0
2021-07-02,18663,0
2021-07-05,18721,0
2021-07-06,18673,0
2021-07-07,18566,0
2021-07-08,18650,0
2021-07-09,18383,0
2021-07-12,18631,0
2021-07-13,18735,0
2021-07-14,18714,0
2021-07-15,18613,0
2021-07-16,18549,0
2021-07-19,18404,0
2021-07-20,18062,0
2021-07-21,18404,0
2021-07-26,18878,0
2021-07-27,18874,0
2021-07-28,18719,0
2021-07-29,18692,0
2021-07-30,18732,0
2021-08-02,18659,0
2021-08-03,18570,0
2021-08-04,18678,0
2021-08-05,18691,0
2021-08-06,18844,0
2021-08-10,18941,0
2021-08-11,19017,0
2021-08-12,19009,0
2021-08-13,19083,0
2021-08-16,18952,0
2021-08-17,18953,0
2021-08-18,18877,0
2021-08-19,18751,0
2021-08-20,18759,0
2021-08-23,18905,0
2021-08-24,19053,0
2021-08-25,19098,0
2021-08-26,19177,0
2021-08-27,19053,0
2021-08-30,19175,0
2021-08-31,19287,0
2021-09-01,19314,0
2021-09-02,19287,0
2021-09-03,19335,0
2021-09-06,19309,0
2021-09-07,19300,0
2021-09-08,19321,0
2021-09-09,19290,0
2021-09-10,19123,0
2021-09-13,19011,0
2021-09-14,19066,0
2021-09-15,18893,0
2021-09-16,19011,0
2021-09-17,19050,0
2021-09-21,18513,0
2021-09-22,18440,0
2021-09-24,19047,0
2021-09-27,19133,0
2021-09-28,19130,0
2021-09-29,18844,0
2021-09-30,18922,0
2021-10-01,18615,0
2021-10-04,18754,0
2021-10-05,18498,0
2021-10-06,18816,0
2021-10-07,18854,0
2021-10-08,19071,0
2021-10-11,19132,0
2021-10-12,19202,0
2021-10-13,19154,0
2021-10-14,19196,0
2021-10-15,19611,0
2021-10-18,19823,0
2021-10-19,19878,0
2021-10-20,20109,0
2021-10-21,20113,0
2021-10-22,20129,0
2021-10-25,20053,0
2021-10-26,20167,0
2021-10-27,20254,0
2021-10-28,20110,0
2021-10-29,20272,0
2021-11-01,20388,0
2021-11-02,20429,0
2021-11-04,20642,0
2021-11-05,20666,0
2021-11-08,20714,0
2021-11-09,20669,0
2021-11-10,20523,0
2021-11-11,20557,0
2021-11-12,20620,0
2021-11-15,20725,0
2021-11-16,20764,0
2021-11-17,20966,0
2021-11-18,20789,0
2021-11-19,20894,0
2021-11-22,20816,0
2021-11-24,20987,0
2021-11-25,21059,0
2021-11-26,20986,0
2021-11-29,20303,0
2021-11-30,20570,0
2021-12-01,20091,0
2021-12-02,19806,0
2021-12-03,20115,0
2021-12-06,19940,0
2021-12-07,20250,0
2021-12-08,20683,0
2021-12-09,20790,0
2021-12-10,20582,0
2021-12-13,20794,0
2021-12-14,20626,0
2021-12-15,20499,0
2021-12-16,20906,0
2021-12-17,20661,0
2021-12-20,20405,0
2021-12-21,20181,0
2021-12-22,20634,0
2021-12-23,20854,0
2021-12-24,21034,0
2021-12-27,21019,0
2021-12-28,21409,0
2021-12-29,21377,0
2021-12-30,21430,0
2022-01-04,21526,0
2022-01-05,21657,0
2022-01-06,21209,0
2022-01-07,21178,0
2022-01-11,20948,0
2022-01-12,21139,0
2022-01-13,21072,0
2022-01-14,20677,0
2022-01-17,20734,0
2022-01-18,20775,0
2022-01-19,20423,0
2022-01-20,20152,0
2022-01-21,19848,0
2022-01-24,19475,0
2022-01-25,19556,0
2022-01-26,19290,0
2022-01-27,19395,0
2022-01-28,19430,0
2022-01-31,19901,0
2022-02-01,20226,0
2022-02-02,20285,0
2022-02-03,20431,0
2022-02-04,20033,0
2022-02-07,20182,0
2022-02-08,20114,0
2022-02-09,20328,0
2022-02-10,20634,0
2022-02-14,19847,0
2022-02-15,19770,0
2022-02-16,20134,0
2022-02-17,20116,0
2022-02-18,19602,0
2022-02-21,19482,0
2022-02-22,19436,0
2022-02-24,18910,0
2022-02-25,19299,0
2022-02-28,19728,0
2022-03-01,19636,0
2022-03-02,19288,0
2022-03-03,19752,0
2022-03-04,19616,0
2022-03-07,19392,0
2022-03-08,18897,0
2022-03-09,18825,0
2022-03-10,19334,0
2022-03-11,19303,0
2022-03-14,19265,0
2022-03-15,19230,0
2022-03-16,19668,0
2022-03-17,20209,0
2022-03-18,20407,0
2022-03-22,20868,0
2022-03-23,21301,0
2022-03-24,21025,0
2022-03-25,21504,0
2022-03-28,21643,0
2022-03-29,22151,0
2022-03-30,22108,0
2022-03-31,21955,0
2022-04-01,21580,0
2022-04-04,21691,0
2022-04-05,21892,0
2022-04-06,21856,0
2022-04-07,21601,0
2022-04-08,21720,0
2022-04-11,21808,0
2022-04-12,21599,0
2022-04-13,21536,0
2022-04-14,21774,0
2022-04-15,21644,0
2022-04-18,21697,0
2022-04-19,21810,0
2022-04-20,22520,0
2022-04-21,22306,0
2022-04-22,22043,0
2022-04-25,21456,0
2022-04-26,21377,0
2022-04-27,20784,0
2022-04-28,21025,0
2022-05-02,20963,0
2022-05-06,21110,0
2022-05-09,21035,0
2022-05-10,20245,0
2022-05-11,20340,0
2022-05-12,19922,0
2022-05-13,19768,0
2022-05-16,20360,0
2022-05-17,20223,0
2022-05-18,20639,0
2022-05-19,19673,0
2022-05-20,19470,0
2022-05-23,19463,0
2022-05-24,19839,0
2022-05-25,19543,0
2022-05-26,19809,0
2022-05-27,20127,0
2022-05-30,20626,0
2022-05-31,20819,0
2022-06-01,20808,0
2022-06-02,20832,0
2022-06-03,21183,0
2022-06-06,21000,0
2022-06-07,21290,0
2022-06-08,21585,0
2022-06-09,21617,0
2022-06-10,21067,0
2022-06-13,20573,0
2022-06-14,19649,0
2022-06-15,19711,0
2022-06-16,19895,0
2022-06-17,19094,0
2022-06-20,19424,0
2022-06-21,19418,0
2022-06-22,20083,0
2022-06-23,20014,0
2022-06-24,20061,0
2022-06-27,20581,0
2022-06-28,20652,0
2022-06-29,20335,0
2022-06-30,20403,0
2022-07-01,20125,0
2022-07-04,20186,0
2022-07-05,20359,0
2022-07-06,20328,0
2022-07-07,20429,0
2022-07-08,20764,0
2022-07-11,20810,0
2022-07-12,20686,0
2022-07-13,20463,0
2022-07-14,20517,0
2022-07-15,20598,0
2022-07-19,20714,0
2022-07-20,21273,0
2022-07-21,21452,0
2022-07-22,21483,0
2022-07-25,21172,0
2022-07-26,21175,0
2022-07-27,21013,0
2022-07-28,21450,0
2022-07-29,21444,0
2022-08-01,21476,0
2022-08-02,21088,0
2022-08-03,21406,0
2022-08-04,21728,0
2022-08-05,21608,0
2022-08-08,21951,0
2022-08-09,21851,0
2022-08-10,21818,0
2022-08-12,21950,0
2022-08-15,22277,0
2022-08-16,22402,0
2022-08-17,22636,0
2022-08-18,22575,0
2022-08-19,22865,0
2022-08-22,22712,0
2022-08-23,22250,0
2022-08-24,22140,0
2022-08-25,22213,0
2022-08-26,22490,0
2022-08-29,21983,0
2022-08-30,21875,0
2022-08-31,21643,0
2022-09-01,21617,0
2022-09-02,21773,0
2022-09-05,21580,0
2022-09-06,21568,0
2022-09-07,21917,0
2022-09-08,22531,0
2022-09-09,22575,0
2022-09-12,22765,0
2022-09-13,22961,0
2022-09-14,22268,0
2022-09-15,22171,0
2022-09-16,21887,0
2022-09-20,21903,0
2022-09-21,21724,0
2022-09-22,21470,0
2022-09-26,20852,0
2022-09-27,20707,0
2022-09-28,20695,0
2022-09-29,21046,0
2022-09-30,20671,0
2022-10-03,20372,0
2022-10-04,20874,0
2022-10-05,21400,0
2022-10-06,21463,0
2022-10-07,21286,0
2022-10-11,20656,0
2022-10-12,20581,0
2022-10-13,20618,0
2022-10-14,21225,0
2022-10-17,20892,0
2022-10-18,21482,0
2022-10-19,21778,0
2022-10-20,21743,0
2022-10-21,21611,0
2022-10-24,21943,0
2022-10-25,22206,0
2022-10-26,22444,0
2022-10-27,21957,0
2022-10-28,21911,0
2022-10-31,22694,0
2022-11-01,22603,0
2022-11-02,22338,0
2022-11-04,21655,0
2022-11-07,21762,0
2022-11-08,21899,0
2022-11-09,21909,0
2022-11-10,21546,0
2022-11-11,22035,0
2022-11-14,21884,0
2022-11-15,21820,0
2022-11-16,21879,0
2022-11-17,21696,0
2022-11-18,21751,0
2022-11-21,21866,0
2022-11-22,22052,0
2022-11-24,22036,0
2022-11-25,22013,0
2022-11-28,22005,0
2022-11-29,21636,0
2022-11-30,21596,0
2022-12-01,21983,0
2022-12-02,21730,0
2022-12-05,21566,0
2022-12-06,21466,0
2022-12-07,21276,0
2022-12-08,21121,0
2022-12-09,21342,0
2022-12-12,21156,0
2022-12-13,21626,0
2022-12-14,21415,0
2022-12-15,21286,0
2022-12-16,21101,0
2022-12-19,20634,0
2022-12-20,20196,0
2022-12-21,19804,0
2022-12-22,20178,0
2022-12-23,19958,0
2022-12-26,20009,0
2022-12-27,20146,0
2022-12-28,20172,0
2022-12-29,19962,0
2022-12-30,20091,0
2023-01-04,19708,0
2023-01-05,20031,0
2023-01-06,20037,0
2023-01-10,20193,0
2023-01-11,20419,0
2023-01-12,20617,0
2023-01-13,20265,0
2023-01-16,20132,0
2023-01-17,20217,0
2023-01-18,20585,0
2023-01-19,19870,0
2023-01-20,19754,0
2023-01-23,20219,0
2023-01-24,20637,0
2023-01-25,20619,0
2023-01-26,20438,0
2023-01-27,20714,0
2023-01-30,20849,0
2023-01-31,20638,0
2023-02-01,20848,0
2023-02-02,20840,0
2023-02-03,21188,0
2023-02-06,21563,0
2023-02-07,21461,0
2023-02-08,21467,0
2023-02-09,21346,0
2023-02-10,21171,0
2023-02-13,21232,0
2023-02-14,21566,0
2023-02-15,21638,0
2023-02-16,21925,0
2023-02-17,21665,0
2023-02-20,21616,0
2023-02-21,21594,0
2023-02-22,21254,0
2023-02-24,21222,0
2023-02-27,21324,0
2023-02-28,21402,0
2023-03-01,21350,0
2023-03-02,21211,0
2023-03-03,21462,0
2023-03-06,21685,0
2023-03-07,21734,0
2023-03-08,21593,0
2023-03-09,21586,0
2023-03-10,21021,0
2023-03-13,20465,0
2023-03-14,20261,0
2023-03-15,20823,0
2023-03-16,20479,0
2023-03-17,20875,0
2023-03-20,20510,0
2023-03-22,20935,0
2023-03-23,20341,0
2023-03-24,20359,0
2023-03-27,20475,0
2023-03-28,20511,0
2023-03-29,20576,0
2023-03-30,21070,0
2023-03-31,21349,0
2023-04-03,21596,0
2023-04-04,21590,0
2023-04-05,21297,0
2023-04-06,21185,0
2023-04-07,21360,0
2023-04-10,21495,0
2023-04-11,21657,0
2023-04-12,21705,0
2023-04-13,21541,0
2023-04-14,21712,0
2023-04-17,21877,0
2023-04-18,22045,0
2023-04-19,22008,0
2023-04-20,22135,0
2023-04-21,21908,0
2023-04-24,21895,0
2023-04-25,21950,0
2023-04-26,21516,0
2023-04-27,21420,0
2023-04-28,21906,0
2023-05-01,22535,0
2023-05-02,22663,0
2023-05-08,22081,0
2023-05-09,22122,0
2023-05-10,21994,0
2023-05-11,21933,0
2023-05-12,21974,0
2023-05-15,22174,0
2023-05-16,22243,0
2023-05-17,22173,0
2023-05-18,22626,0
2023-05-19,22974,0
2023-05-22,22826,0
2023-05-23,22958,0
2023-05-24,22727,0
2023-05-25,22708,0
2023-05-26,22964,0
2023-05-29,23411,0
2023-05-30,23328,0
2023-05-31,23247,0
2023-06-01,23013,0
2023-06-02,23210,0
2023-06-05,23749,0
2023-06-06,23604,0
2023-06-07,23645,0
2023-06-08,23639,0
2023-06-09,23641,0
2023-06-12,23718,0
2023-06-13,23985,0
2023-06-14,24215,0
2023-06-15,24295,0
2023-06-16,24581,0
2023-06-19,24780,0
2023-06-20,24825,0
2023-06-21,24607,0
2023-06-22,24534,0
2023-06-23,24834,0
2023-06-26,24700,0
2023-06-27,24613,0
2023-06-28,24936,0
2023-06-29,25011,0
2023-06-30,25236,0
2023-07-03,25461,0
2023-07-04,25502,0
2023-07-05,25501,0
2023-07-06,25433,0
2023-07-07,25182,0
2023-07-10,24833,0
2023-07-11,24705,0
2023-07-12,24595,0
2023-07-13,24563,0
2023-07-14,24659,0
2023-07-18,24879,0
2023-07-19,25086,0
2023-07-20,25263,0
2023-07-21,25165,0
2023-07-24,25485,0
2023-07-25,25544,0
2023-07-26,25531,0
2023-07-27,25388,0
2023-07-28,25080,0
2023-07-31,25590,0
2023-08-01,25899,0
2023-08-02,25972,0
2023-08-03,25655,0
2023-08-04,25484,0
2023-08-07,25143,0
2023-08-08,25613,0
2023-08-09,25577,0
2023-08-10,25487,0
2023-08-14,25676,0
2023-08-15,25912,0
2023-08-16,25637,0
2023-08-17,25580,0
2023-08-18,25251,0
2023-08-21,25184,0
2023-08-22,25521,0
2023-08-23,25354,0
2023-08-24,25483,0
2023-08-25,25376,0
2023-08-28,25608,0
2023-08-29,25765,0
2023-08-30,26053,0
2023-08-31,26185,0
2023-09-01,26062,0
2023-09-04,26209,0
2023-09-05,26261,0
2023-09-06,26383,0
2023-09-07,26213,0
2023-09-08,25969,0
2023-09-11,25999,0
2023-09-12,26130,0
2023-09-13,26088,0
2023-09-14,26093,0
2023-09-15,26401,0
2023-09-19,26116,0
2023-09-20,26078,0
2023-09-21,25937,0
2023-09-22,25382,0
2023-09-25,25466,0
2023-09-26,25646,0
2023-09-27,25291,0
2023-09-28,25395,0
2023-09-29,25534,0
2023-10-02,25502,0
2023-10-03,25527,0
2023-10-04,25074,0
2023-10-05,25203,0
2023-10-06,25154,0
2023-10-10,25589,0
2023-10-11,25733,0
2023-10-12,25949,0
2023-10-13,25906,0
2023-10-16,25718,0
2023-10-17,25988,0
2023-10-18,26032,0
2023-10-19,25688,0
2023-10-20,25484,0
2023-10-23,25153,0
2023-10-24,25089,0
2023-10-25,25310,0
2023-10-26,24996,0
2023-10-27,24715,0
2023-10-30,24513,0
2023-10-31,24751,0
2023-11-01,25237,0
2023-11-02,25361,0
2023-11-06,25920,0
2023-11-07,26042,0
2023-11-08,26215,0
2023-11-09,26313,0
2023-11-10,26166,0
2023-11-13,26626,0
2023-11-14,26615,0
2023-11-15,26930,0
2023-11-16,27100,0
2023-11-17,27033,0
2023-11-20,26921,0
2023-11-21,26805,0
2023-11-22,26780,0
2023-11-24,27121,0
2023-11-27,27117,0
2023-11-28,26818,0
2023-11-29,26624,0
2023-11-30,26627,0
2023-12-01,26880,0
2023-12-04,26770,0
2023-12-05,26763,0
2023-12-06,26771,0
2023-12-07,26649,0
2023-12-08,26148,0
2023-12-11,26650,0
2023-12-12,26842,0
2023-12-13,26921,0
2023-12-14,26700,0
2023-12-15,26779,0
2023-12-18,26716,0
2023-12-19,26931,0
2023-12-20,27345,0
2023-12-21,26844,0
2023-12-22,26904,0
2023-12-25,26926,0
2023-12-26,26936,0
2023-12-27,27148,0
2023-12-28,27009,0
2023-12-29,27018,0
2024-01-04,26879,0
2024-01-05,27085,0
2024-01-09,27318,0
2024-01-10,27416,0
2024-01-11,27754,0
2024-01-12,27673,0
2024-01-15,27667,0
2024-01-16,27808,0
2024-01-17,27995,0
2024-01-18,27993,0
2024-01-19,28227,0
2024-01-22,28578,0
2024-01-23,28631,0
2024-01-24,28719,0
2024-01-25,28683,0
2024-01-26,28805,0
2024-01-29,28891,0
2024-01-30,28940,0
2024-01-31,28957,0
2024-02-01,28355,0
2024-02-02,28643,0
2024-02-05,29397,0
2024-02-06,29287,0
2024-02-07,29199,0
2024-02-08,29493,0
2024-02-09,29787,0
2024-02-13,29907,0
2024-02-14,29756,0
2024-02-15,30004,0
2024-02-16,30140,0
2024-02-19,29953,0
2024-02-20,30023,0
2024-02-21,29802,0
2024-02-22,29916,0
2024-02-26,30520,0
2024-02-27,30466,0
2024-02-28,30486,0
2024-02-29,30474,0
2024-03-01,30555,0
2024-03-04,30764,0
2024-03-05,30797,0
2024-03-06,30410,0
2024-03-07,30359,0
2024-03-08,30434,0
2024-03-11,30026,0
2024-03-12,30002,0
2024-03-13,30474,0
2024-03-14,30451,0
2024-03-15,30560,0
2024-03-18,30500,0
2024-03-19,30686,0
2024-03-21,31452,0
2024-03-22,31721,0
2024-03-25,31643,0
2024-03-26,31525,0
2024-03-27,31489,0
2024-03-28,31752,0
2024-03-29,31762,0
2024-04-01,31766,0
2024-04-02,31773,0
2024-04-03,31513,0
2024-04-04,31578,0
2024-04-05,31036,0
2024-04-08,31547,0
2024-04-09,31575,0
2024-04-10,31590,0
2024-04-11,31536,0
2024-04-12,31787,0
2024-04-15,31405,0
2024-04-16,31220,0
2024-04-17,31231,0
2024-04-18,30984,0
2024-04-19,30977,0
2024-04-22,30715,0
2024-04-23,30994,0
2024-04-24,31367,0
2024-04-25,31508,0
2024-04-26,31411,0
2024-04-30,32065,0
2024-05-01,31777,0
2024-05-02,31303,0
2024-05-07,31897,0
2024-05-08,32115,0
2024-05-09,32259,0
2024-05-10,32440,0
2024-05-13,32555,0
2024-05-14,32628,0
2024-05-15,32825,0
2024-05-16,32667,0
2024-05-17,32950,0
2024-05-20,33062,0
2024-05-21,33218,0
2024-05-22,33268,0
2024-05-23,33301,0
2024-05-24,33106,0
2024-05-27,33276,0
2024-05-28,33290,0
2024-05-29,33399,0
2024-05-30,33200,0
2024-05-31,32818,0
2024-06-03,33180,0
2024-06-04,33068,0
2024-06-05,32871,0
2024-06-06,33364,0
2024-06-07,33364,0
2024-06-10,33587,0
2024-06-11,33747,0
2024-06-12,33809,0
2024-06-13,34026,0
2024-06-14,34195,0
2024-06-17,34240,0
2024-06-18,34554,0
2024-06-19,34689,0
2024-06-20,34733,0
2024-06-21,34848,0
2024-06-24,34963,0
2024-06-25,34788,0
2024-06-26,34973,0
2024-06-27,35246,0
2024-06-28,35342,0
2024-07-01,35236,0
2024-07-02,35437,0
2024-07-03,35635,0
2024-07-04,35783,0
2024-07-05,35716,0
2024-07-08,35828,0
2024-07-09,35904,0
2024-07-10,36067,0
2024-07-11,36477,0
2024-07-12,35572,0
2024-07-16,35725,0
2024-07-17,35977,0
2024-07-18,34872,0
2024-07-19,34962,0
2024-07-22,34726,0
2024-07-23,34921,0
2024-07-24,34673,0
2024-07-25,33327,0
2024-07-26,33322,0
2024-07-29,33611,0
2024-07-30,33708,0
2024-07-31,33182,0
2024-08-01,33085,0
2024-08-02,32614,0
2024-08-05,31146,0
2024-08-06,30115,0
2024-08-07,30855,0
2024-08-08,30446,0
2024-08-09,31458,0
2024-08-13,31544,0
2024-08-14,32026,0
2024-08-15,32207,0
2024-08-16,33124,0
2024-08-19,32926,0
2024-08-20,32914,0
2024-08-21,32662,0
2024-08-22,32756,0
2024-08-23,32658,0
2024-08-26,32418,0
2024-08-27,32611,0
2024-08-28,32532,0
2024-08-29,32396,0
2024-08-30,32458,0
2024-09-02,33110,0
2024-09-03,33320,0
2024-09-04,32231,0
2024-09-05,31822,0
2024-09-06,31606,0
2024-09-09,30966,0
2024-09-10,31490,0
2024-09-11,31317,0
2024-09-12,31813,0
2024-09-13,31759,0
2024-09-17,31807,0
2024-09-18,32007,0
2024-09-19,32370,0
2024-09-20,32719,0
2024-09-24,32971,0
2024-09-25,32960,0
2024-09-26,33192,0
2024-09-27,33539,0
2024-09-30,32852,0
2024-10-01,33311,0
2024-10-02,32963,0
2024-10-03,33699,0
2024-10-04,33551,0
2024-10-07,34261,0
2024-10-08,33804,0
2024-10-09,34211,0
2024-10-10,34724,0
2024-10-11,34474,0
2024-10-15,35198,0
2024-10-16,34843,0
2024-10-17,35088,0
2024-10-18,35198,0
2024-10-21,35173,0
2024-10-22,35418,0
2024-10-23,35548,0
2024-10-24,35552,0
2024-10-25,35481,0
2024-10-28,35771,0
2024-10-29,35746,0
2024-10-30,35892,0
2024-10-31,35851,0
2024-11-01,34819,0
2024-11-05,34956,0
2024-11-06,35481,0
2024-11-07,36801,0
2024-11-08,36716,0
2024-11-11,36864,0
2024-11-12,37065,0
2024-11-13,37233,0
2024-11-14,37438,0
2024-11-15,37468,0
2024-11-18,36391,0
2024-11-19,36570,0
2024-11-20,36815,0
2024-11-21,36870,0
2024-11-22,36925,0
2024-11-25,36988,0
2024-11-26,37097,0
2024-11-27,36982,0
2024-11-28,36578,0
2024-11-29,36330,0
2024-12-02,36410,0
2024-12-03,36440,0
2024-12-04,36422,0
2024-12-05,36781,0
2024-12-06,36637,0
2024-12-09,36676,0
2024-12-10,36870,0
2024-12-11,36839,0
2024-12-12,37269,0
2024-12-13,37220,0
2024-12-16,37439,0
2024-12-17,37673,0
2024-12-18,37397,0
2024-12-19,36574,0
2024-12-20,37252,0
2024-12-23,37366,0
2024-12-24,37814,0
2024-12-25,38213,0
2024-12-26,38225,0
2024-12-27,38394,0
2024-12-30,37973,0
2025-01-06,37689,0
2025-01-07,38018,0
2025-01-08,37565,0
2025-01-09,37704,0
2025-01-10,37644,0
2025-01-14,36985,0
2025-01-15,37148,0
2025-01-16,37444,0
2025-01-17,37076,0
2025-01-20,37646,0
2025-01-21,37651,0
2025-01-22,37848,0
2025-01-23,38312,0
2025-01-24,38475,0
2025-01-27,38188,0
2025-01-28,37520,0
2025-01-29,37997,0
2025-01-30,37596,0
2025-01-31,37714,0
2025-02-03,37835,0
2025-02-04,37465,0
2025-02-05,37424,0
2025-02-06,37216,0
2025-02-07,37030,0
2025-02-10,36841,0
2025-02-12,37423,0
2025-02-13,37626,0
2025-02-14,37602,0
2025-02-17,37383,0
2025-02-18,37324,0
2025-02-19,37538,0
2025-02-20,37377,0
2025-02-21,36908,0
2025-02-25,36189,0
2025-02-26,35705,0
2025-02-27,35787,0
2025-02-28,35321,0
2025-03-03,36096,0
2025-03-04,35160,0
2025-03-05,34873,0
2025-03-06,35115,0
2025-03-07,34217,0
2025-03-10,34248,0
2025-03-11,33174,0
2025-03-12,33233,0
2025-03-13,33448,0
2025-03-14,32998,0
2025-03-17,33814,0
2025-03-18,34193,0
2025-03-19,33864,0
2025-03-21,34011,0
2025-03-24,34203,0
2025-03-25,35073,0
2025-03-26,34955,0
2025-03-27,34652,0
2025-03-28,34659,0
2025-03-31,33618,0
2025-04-01,33875,0
2025-04-02,34008,0
2025-04-03,33778,0
2025-04-04,31753,0
2025-04-07,29809,0
2025-04-08,30145,0
2025-04-09,29194,0
2025-04-10,32306,0
2025-04-11,30477,0
2025-04-14,30961,0
2025-04-15,31299,0
2025-04-16,31091,0
2025-04-17,30310,0
2025-04-18,30335,0
2025-04-21,30075,0
2025-04-22,29310,0
2025-04-23,30290,0
2025-04-24,30979,0
2025-04-25,31641,0
2025-04-28,31995,0
2025-04-30,31959,0
2025-05-01,32117,0
2025-05-02,32982,0
2025-05-07,32331,0
2025-05-08,32610,0
2025-05-09,33298,0
2025-05-12,33310,0
2025-05-13,34856,0
2025-05-14,34974,0
2025-05-15,34759,0
2025-05-16,34627,0
2025-05-19,34837,0
2025-05-20,34965,0
2025-05-21,34581,0
2025-05-22,33804,0
2025-05-23,33921,0
2025-05-26,33422,0
2025-05-27,33335,0
2025-05-28,34422,0
2025-05-29,34703,0
2025-05-30,34322,0
2025-06-02,34260,0
2025-06-03,34219,0
2025-06-04,34699,0
2025-06-05,34395,0
2025-06-06,34464,0
2025-06-09,35096,0
2025-06-10,35084,0
2025-06-11,35335,0
2025-06-12,35039,0
2025-06-13,34919,0
2025-06-16,34853,0
2025-06-17,35345,0
2025-06-18,35117,0
2025-06-19,35001,0
2025-06-20,35105,0
2025-06-23,35302,0
2025-06-24,35451,0
2025-06-25,35685,0
2025-06-26,35621,0
2025-06-27,35852,0
2025-06-30,36097,0
2025-07-01,36005,0
2025-07-02,35970,0
2025-07-03,36125,0
2025-07-04,36681,0
2025-07-07,36625,0
2025-07-08,36760,0
2025-07-09,36936,0
2025-07-10,36906,0
2025-07-11,37207,0
2025-07-14,37174,0
2025-07-15,37397,0
2025-07-16,37594,0
2025-07-17,37578,0
2025-07-18,37825,0
2025-07-22,37567,0
2025-07-23,37338,0
2025-07-24,37636,0
2025-07-25,37899,0
2025-07-28,38140,0
2025-07-29,38345,0
2025-07-30,38158,0
2025-07-31,38403,0
2025-08-01,38622,0
2025-08-04,37212,0
2025-08-05,37592,0
2025-08-06,37575,0
2025-08-07,37860,0
2025-08-08,37725,0
2025-08-12,38238,0
2025-08-13,38510,0
2025-08-14,38337,0
2025-08-15,38603,0
2025-08-18,38457,0
2025-08-19,38558,0
2025-08-20,38292,0
2025-08-21,38139,0
2025-08-22,38257,0
2025-08-25,38555,0
2025-08-26,38316,0
2025-08-27,38578,0
2025-08-28,38635,0
2025-08-29,38628,0
2025-09-01,38477,0
2025-09-02,38494,0
2025-09-03,38608,0
2025-09-04,38606,0
2025-09-05,38990,0
2025-09-08,38930,0
2025-09-09,38726,0
2025-09-10,38870,0
2025-09-11,38996,0
2025-09-12,39257,0
2025-09-16,39496,0
2025-09-17,39183,0
2025-09-18,39259,0
2025-09-19,39734,0
2025-09-22,39992,0
2025-09-24,39831,0
2025-09-25,39965,0
2025-09-26,40037,0
2025-09-29,40118,0
2025-09-30,40134,0
2025-10-01,40109,0
2025-10-02,39983,0
2025-10-03,40065,0
2025-10-06,40717,0
2025-10-07,41056,0
2025-10-08,41399,0
2025-10-09,41758,0
2025-10-10,41739,0
2025-10-14,41082,0
2025-10-15,40799,0
2025-10-16,40713,0
2025-10-17,40308,0
2025-10-20,40742,0
2025-10-21,41056,0
2025-10-22,41370,0
2025-10-23,41300,0
2025-10-24,41658,0
2025-10-27,42073,0
2025-10-28,42470,0
2025-10-29,42297,0
2025-10-30,42630,0
2025-10-31,42565,0
2025-11-04,42834,0
2025-11-05,42089,0
2025-11-06,42392,0
2025-11-07,41701,0
2025-11-10,41945,0
2025-11-11,42714,0
2025-11-12,42779,0
2025-11-13,43016,0
2025-11-14,42227,0
2025-11-17,42202,0
2025-11-18,41991,0
2025-11-19,41701,0
2025-11-20,42328,0
2025-11-21,41728,0
2025-11-25,42621,0
2025-11-26,42876,0
2025-11-27,43043,0
2025-11-28,43241,0
2025-12-01,43263,0
2025-12-02,42993,0
2025-12-03,43136,0
2025-12-04,43117,0
2025-12-05,43115,0
2025-12-08,43236,0
2025-12-09,43309,0
2025-12-10,43507,0
2025-12-11,43518,0
2025-12-12,43566,0
2025-12-15,43188,0
2025-12-16,42877,0
2025-12-17,42655,0
2025-12-18,42413,0
2025-12-19,42815,0
2025-12-22,43682,0
2025-12-23,43722,0
2025-12-24,43773,0
2025-12-25,43829,0
2025-12-26,43995,0
2025-12-29,43973,0
2025-12-30,43846,0
2026-01-05,43759,0
2026-01-06,43875,0
2026-01-07,44134,0
2026-01-08,44036,0
2026-01-09,44120,0
2026-01-13,44802,0
2026-01-14,44993,0
2026-01-15,44563,0
2026-01-16,44733,0
2026-01-19,44362,0
2026-01-20,44542,0
2026-01-21,43641,0
2026-01-22,44152,0
2026-01-23,44493,0
2026-01-26,43452,0
2026-01-27,43523,0
2026-01-28,43174,0
2026-01-29,43363,0
2026-01-30,43449,0
2026-02-02,43725,0
2026-02-03,44051,0
2026-02-04,43812,0
2026-02-05,43809,0
2026-02-06,43263,0
2026-02-09,44154,0
2026-02-10,44141,0
2026-02-12,43197,0
2026-02-13,42419,0
2026-02-16,42483,0
2026-02-17,42552,0
2026-02-18,42574,0
2026-02-19,43245,0
2026-02-20,43229,0
2026-02-24,42999,0
2026-02-25,43600,0
2026-02-26,44050,0
2026-02-27,43714,0
2026-03-02,43731,0
2026-03-03,44019,0
2026-03-04,43659,0
2026-03-05,43693,0
2026-03-06,43683,0
2026-03-09,43452,0
2026-03-10,43546,0
2026-03-11,43595,0
2026-03-12,43796,0
2026-03-13,43176,0
2026-03-16,42966,0
2026-03-17,43388,0
2026-03-18,43449,0
2026-03-19,43041,0
2026-03-23,42182,0
2026-03-24,42386,0
2026-03-25,42277,0
2026-03-26,42739,0
2026-03-27,42015,0
2026-03-30,41413,0
2026-03-31,41222,0
2026-04-01,42157,0
2026-04-02,42422,0
2026-04-03,42734,0
2026-04-06,42752,0
2026-04-07,42965,0
2026-04-08,42675,0
2026-04-09,43819,0
2026-04-10,44196,0
2026-04-13,44310,0
2026-04-14,44579,0
2026-04-15,45014,0
2026-04-16,45351,0
2026-04-17,45639,0
2026-04-20,46070,0
2026-04-21,45963,0
2026-04-22,45727,0
2026-04-23,46251,0
2026-04-24,46197,0
2026-04-27,46483,0
2026-04-28,46536,0
2026-04-30,46536,0
2026-05-01,46062,0
2026-05-07,46833,0
2026-05-08,46856,0
2026-05-11,47242,0
2026-05-12,47460,0
2026-05-13,47499,0
2026-05-14,47806,0
2026-05-15,48376,0
2026-05-18,47915,0
2026-05-19,47898,0
2026-05-20,47582,0
2026-05-21,48069,0
2026-05-22,48227,0
2026-05-25,48323,0
2026-05-26,48356,0
2026-05-27,48750,0
2026-05-28,48860,0
2026-05-29,49056,0
2026-06-01,49186,0
2026-06-02,49411,0
2026-06-03,49548,0
2026-06-04,49183,0
2026-06-05,49407,0
2026-06-08,48208,0
2026-06-09,48333,0
2026-06-10,48247,0
2026-06-11,47515,0
2026-06-12,48215,0
2026-06-15,48460,0
2026-06-16,49304,0
2026-06-17,49079,0
2026-06-18,48588,0
2026-06-19,49222,0
2026-06-22,49352,0
2026-06-23,49181,0
2026-06-24,48484,0
2026-06-25,48485,0
2026-06-26,48505,0
2026-06-29,48433,0
2026-06-30,49200,0
2026-07-01,49694,0
2026-07-02,49570,0
2026-07-03,49147,0
2026-07-06,49241,0
2026-07-07,49775,0
2026-07-08,49623,0
2026-07-09,49535,0
2026-07-10,49815,0
2026-07-13,50025,0
2026-07-14,49695,0
2026-07-15,49829,0
2026-07-16,50037,0
2026-07-17,49871,0
2026-07-21,49285,0
2026-07-22,49922,0
2026-07-23,49828,0
2026-07-24,49494,0
2026-07-27,49424,0
2026-07-28,49472,0
2026-07-29,49537,0
2026-07-30,48733,0
2026-07-31,48697,0
2026-08-03,47535,0
2026-08-04,48746,0
2026-08-05,49662,0
2026-08-06,49650,0
2026-08-07,49829,0
2026-08-10,49929,0
2026-08-12,50189,0
2026-08-13,50325,0
2026-08-14,50660,0
2026-08-17,50481,0
2026-08-18,50346,0
2026-08-19,49979,0
2026-08-20,49791,0
2026-08-21,49570,0
2026-08-24,49682,0
2026-08-25,49675,0
2026-08-26,49804,0
2026-08-27,49809,0
2026-08-28,50236,0
2026-08-31,50306,0
2026-09-01,50074,0
